number,level,title
1,1,Definitions of economics
2,1,History of economic thought
2.1,2,From antiquity through the physiocrats
2.2,2,Classical political economy
2.3,2,Marxian economics
2.4,2,Neoclassical economics
2.5,2,Keynesian economics
2.6,2,Post-WWII economics
2.6.1,3,Monetarism
2.6.2,3,New classical economics
2.6.3,3,New Keynesians
2.6.4,3,New neoclassical synthesis
2.6.5,3,After the 2008 financial crisis
2.7,2,Other schools and approaches
3,1,Methodology
3.1,2,Theoretical research
3.2,2,Empirical research
4,1,Microeconomics
4.1,2,"Production, cost, and efficiency"
4.2,2,Specialisation
4.3,2,Supply and demand
4.4,2,Firms
4.5,2,Uncertainty and game theory
4.6,2,Market failure
4.7,2,Welfare
5,1,Macroeconomics
5.1,2,Growth
5.2,2,Business cycle
5.3,2,Unemployment
5.4,2,Money and monetary policy
5.5,2,Fiscal policy
5.6,2,Inequality
6,1,Other branches of economics
6.1,2,Public economics
6.2,2,International economics
6.3,2,Labour economics
6.4,2,Development economics
7,1,Related subjects
8,1,Profession
8.1,2,Women in economics
9,1,See also
10,1,Notes
11,1,References
11.1,2,Sources
12,1,Further reading
13,1,External links
13.1,2,General information
13.2,2,Institutions and organizations
13.3,2,Study resources
